{
   "maximos":{
      "159":[
         14,
         32
      ],
      "5":[
         3,
         32
      ],
      "46":[
         0,
         1
      ],
      "322":[
         0,
         3
      ],
      "320":[
         0,
         5
      ],
      "366":[
         0,
         5
      ],
      "391":[
         0,
         5
      ],
      "357":[
         0,
         5
      ],
      "310":[
         0,
         1
      ],
      "311":[
         0,
         1
      ],
      "312":[
         0,
         1
      ],
      "313":[
         0,
         1
      ],
      "276":[
         0,
         1
      ],
      "278":[
         0,
         1
      ],
      "279":[
         0,
         1
      ],
      "351":[
         4,
         5
      ],
      "326":[
         0,
         1
      ],
      "327":[
         0,
         1
      ],
      "345":[
         0,
         1
      ],
      "264":[
         0,
         3
      ],
      "368":[
         0,
         1
      ],
      "332":[
         0,
         10
      ],
      "344":[
         0,
         10
      ],
      "261":[
         0,
         1
      ],
      "384":[
         0,
         5
      ]
   },
   "normales":{
      "1":[
         0,
         32
      ],
      "3":[
         0,
         32
      ],
      "17":[
         0,
         10
      ],
      "80":[
         0,
         32
      ],
      "162":[
         0,
         10
      ],
      "170":[
         0,
         5
      ],
      "5":[
         2,
         32
      ],
      "260":[
         0,
         5
      ],
      "282":[
         0,
         5
      ],
      "297":[
         0,
         5
      ],
      "357":[
         0,
         5
      ],
      "360":[
         0,
         5
      ],
      "298":[
         0,
         1
      ],
      "299":[
         0,
         1
      ],
      "300":[
         0,
         1
      ],
      "301":[
         0,
         1
      ],
      "314":[
         0,
         1
      ],
      "315":[
         0,
         1
      ],
      "316":[
         0,
         1
      ],
      "317":[
         0,
         1
      ],
      "268":[
         0,
         1
      ],
      "270":[
         0,
         1
      ],
      "271":[
         0,
         1
      ],
      "272":[
         0,
         1
      ],
      "274":[
         0,
         1
      ],
      "275":[
         0,
         1
      ],
      "283":[
         0,
         1
      ],
      "285":[
         0,
         1
      ],
      "286":[
         0,
         1
      ],
      "280":[
         0,
         2
      ],
      "325":[
         0,
         1
      ],
      "345":[
         0,
         1
      ],
      "332":[
         0,
         10
      ],
      "344":[
         0,
         10
      ]
   },
   "medianos":{
      "17":[
         2,
         10
      ],
      "20":[
         0,
         32
      ],
      "45":[
         0,
         32
      ],
      "155":[
         0,
         32
      ],
      "159":[
         4,
         32
      ],
      "24":[
         0,
         32
      ],
      "18":[
         3,
         32
      ],
      "320":[
         0,
         5
      ],
      "350":[
         0,
         5
      ],
      "364":[
         0,
         5
      ],
      "393":[
         0,
         5
      ],
      "354":[
         0,
         5
      ],
      "322":[
         0,
         1
      ],
      "302":[
         0,
         1
      ],
      "303":[
         0,
         1
      ],
      "304":[
         0,
         1
      ],
      "305":[
         0,
         1
      ],
      "306":[
         0,
         1
      ],
      "307":[
         0,
         1
      ],
      "308":[
         0,
         1
      ],
      "309":[
         0,
         1
      ],
      "257":[
         0,
         1
      ],
      "258":[
         0,
         1
      ],
      "267":[
         0,
         1
      ],
      "262":[
         0,
         10
      ],
      "265":[
         0,
         5
      ],
      "266":[
         0,
         5
      ],
      "287":[
         0,
         5
      ],
      "345":[
         0,
         1
      ],
      "259":[
         0,
         1
      ],
      "361":[
         0,
         1
      ],
      "332":[
         0,
         10
      ],
      "344":[
         0,
         10
      ],
      "346":[
         0,
         1
      ]
   }
}